股票代码	股票名称	当前价	涨跌额	涨跌幅(%)	年初至今(%)	成交量(万)	成交额(亿)	换手率(%)	市盈率(TTM)	股息率(%)	市值(亿)
SH688496	清越科技	15.67	2.61	19.98%	72.58%	20667.9584	1.91	18.18%	112.732	0.421	70.515
SH688159	有方科技	26.76	4.07	17.94%	83.92%	22181.1028	5.88	9.76%	亏损	0	24.53343286
SH688191	智洋创新	16.66	2.4	16.83%	31.39%	17194.1365	4.5	14.58%	346.409	0.72	25.57519033
SH688197	首药控股	66.15	8.55	14.84%	172.45%	20015.8005	3.16	6.20%	亏损	0	98.37784539
SH688670	金迪克	65.3	6.8	11.62%	51.90%	10722.0534	4.06	5.54%	71.355	0.306	57.464
SH688236	春立医疗	37.23	3.34	9.86%	56.36%	12290.4707	7.73	4.37%	49.409	0.841	143.067444
SH688698	伟创电气	29.91	2.45	8.92%	44.42%	16095.6227	3.59	12.08%	35.243	0.836	53.838
SH688687	凯因科技	28.15	2.27	8.77%	23.74%	10408.0571	2.51	3.20%	60.403	0.71	48.11072079
SH688478	晶升股份	47.55	3.79	8.66%	46.22%	33149.6002	1.7	25.04%	172.46		65.79307865
SH688426	康为世纪	39.57	2.97	8.11%	11.65%	9593.0191	2.74	11.55%	29.757	1.314	37.00704042
SH688176	亚虹医药	15.8	1.16	7.92%	40.44%	13883.0248	3.14	3.78%	亏损	0	90.06
SH688661	和林微纳	81.79	5.89	7.76%	35.64%	20730.6858	2.25	7.21%	631.43	0.196	73.50831511
SH688177	百奥泰	30.65	2.2	7.73%	40.73%	18307.6265	2.15	1.45%	亏损	0	126.91552
SH688266	泽Z制药	55.6	3.8	7.34%	33.33%	20639.7935	1.71	2.61%	亏损	0	147.056326
SH688351	微电生理	20.98	1.38	7.04%	-20.74%	7932.175	1.54	5.81%	亏损	0	98.73188
SH688617	惠泰医疗	379.99	24.19	6.80%	23.80%	37262.3731	1.82	2.18%	64.316	0.434	253.339333
SH688302	海创药业	73.35	4.63	6.74%	81.92%	6630.2856	1.3	3.83%	亏损	0	72.62794113
SH688073	毕得医药	131.1	8.28	6.74%	59.59%	7788.9403	2.1	4.32%	54.045	1.175	85.10538991
SH688110	东芯股份	33.11	1.94	6.22%	26.52%	69589.5424	1.81	8.35%	357.587	0.381	146.4288949
SH688525	佰维存储	73.6	4.24	6.11%	358.28%	106978.3552	1.43	42.48%	亏损	0	316.7222441
SH688127	蓝特光学	17.63	0.94	5.63%	10.67%	14693.5768	1.69	4.91%	89.411	0	70.9313079
SH688079	美迪凯	11.01	0.58	5.56%	28.17%	15525.8831	2.66	7.97%	2184.272	0	44.18680007
SH688382	益方生物	21.33	1.1	5.44%	60.62%	8658.6789	1.88	3.90%	亏损	0	122.6475
SH688677	海泰新光	98.45	5.02	5.37%	-12.88%	11503.0611	1.64	2.18%	43.859	0.813	85.63181
SH688618	三旺通信	92.6	4.6	5.23%	15.89%	5859.2159	1.38	3.79%	47.369	0.432	46.97643837
SH688599	天合光能	48.99	2.41	5.17%	-23.16%	119176.6268	1.43	1.86%	21.707	0.976	1064.671367
SH688167	炬光科技	105.63	5.18	5.16%	13.18%	35954.0578	1.87	5.17%	78.157	0.402	95.45080027
SH688247	宣泰医药	14.14	0.68	5.05%	-15.58%	8922.6964	1.6	14.86%	79.734	0.438	64.102276
SH688403	汇成股份	12.2	0.56	4.81%	16.30%	17674.0705	3.08	11.89%	65.763	0	101.8521003
SH688072	拓荆科技	412.88	18.88	4.79%	90.49%	122778.7698	1.25	4.39%	120.292	0.063	522.2056571
SH688378	奥来德	66	3	4.76%	30.69%	26436.4936	2.8	6.04%	55.658	1.515	67.75640256
SH688611	杭州柯林	53.04	2.37	4.68%	22.32%	4273.6362	3.92	5.80%	50.091	0.66	29.64936
SH688409	富创精密	104.55	4.65	4.65%	-3.29%	37521.1849	1.1	7.73%	89.493	0.67	218.5652607
SH688112	鼎阳科技	84.92	3.7	4.56%	-8.93%	4375.7736	1.5	1.75%	57.843	1.001	90.58136164
SH688766	普冉股份	161.85	7	4.52%	6.52%	23375.7598	1.36	5.00%	608.643	0.126	82.09065503
SH688053	思科瑞	56.04	2.35	4.38%	-8.97%	6780.1712	2.3	5.32%	54.962	0	56.04
SH688416	恒烁股份	57.48	2.38	4.32%	51.22%	21383.0443	1.97	19.81%	亏损	0	47.49990797
SH688663	新风光	34.12	1.38	4.22%	-22.45%	18340.3369	1.89	6.21%	36.161	1.172	47.75094
SH688768	容知日新	125.59	5.02	4.16%	11.18%	9907.5617	1.37	2.41%	62.736	0.43	68.90557015
SH688001	华兴源创	39.13	1.55	4.12%	45.46%	20351.0115	1.37	1.26%	54.389	0.767	172.4037204
SH688037	芯源微	264.66	10.48	4.12%	69.11%	95372.5109	1.27	3.92%	104.877	0.151	245.1238548
SH688123	聚辰股份	66.06	2.58	4.06%	-34.72%	37568.0488	1.94	4.74%	25.116	1.332	79.87041574
SH688566	吉贝尔	30.84	1.18	3.98%	43.98%	7612.2853	1.51	3.09%	35.134	1.556	57.65278944
SH688122	西部超导	81.35	3.1	3.96%	-14.09%	53476.0539	2.18	1.44%	35.173	1.229	377.5014771
SH688085	三友医疗	33	1.24	3.90%	18.92%	13911.683	2.74	2.43%	38.759	0.258	74.5360605
SH688352	颀中科技	13.34	0.5	3.89%	10.25%	29664.6711	1.91	14.87%	61.839		158.6175742
SH688676	金盘科技	32.63	1.22	3.88%	-9.14%	22150.5752	1.24	3.54%	42.418	0.766	139.3367454
SH688469	C中芯	5.97	0.22	3.83%	4.92%	129298.4092	0.66	20.89%	亏损		404.0496
SH688017	绿的谐波	121	4.3	3.68%	25.03%	30337.4138	1.31	2.71%	142.202	0.083	203.9858898
SH688192	迪哲医药	46.31	1.61	3.60%	17.63%	9531.0058	2.39	5.24%	亏损	0	189.0148995
SH688025	杰普特	59.19	2.01	3.52%	33.34%	30514.3325	1.51	6.73%	67.213	0.422	55.5304794
SH688787	海天瑞声	152.28	5.18	3.52%	155.12%	65747.069	1.31	15.25%	1018.369	0.394	65.17584
SH688486	龙迅股份	94	3.12	3.43%	45.15%	12546.9764	1.23	9.02%	124.079	0.319	65.10333028
SH688213	思特威	59.8	1.98	3.42%	54.12%	6699.5174	0.93	3.54%	亏损	0	239.20598
SH688488	艾迪药业	13.12	0.43	3.39%	24.48%	10618.1633	1.3	3.97%	亏损	0	55.104
SH688597	煜邦电力	9.66	0.31	3.32%	-9.13%	3424.9642	3.23	2.00%	34.88	0.994	23.86620582
SH688575	亚辉龙	16.96	0.53	3.23%	-13.69%	7896.0954	1.53	1.82%	16.517	2.653	96.1632
SH688616	西力科技	11.89	0.37	3.21%	13.67%	3363.3644	2.81	5.23%	29.189	1.766	17.835
SH688520	神州细胞	63.67	1.96	3.18%	5.07%	15250.7701	1.25	2.42%	亏损	0	283.5452491
SH688501	青达环保	26.7	0.81	3.13%	3.29%	11802.5612	1.43	7.16%	38.601	0.375	25.27689
SH688120	华海清科	357.17	10.66	3.08%	59.06%	33195.5873	1.07	3.72%	63.052	0.14	380.9814524
SH688147	微导纳米	44.74	1.33	3.06%	78.39%	13924.7297	1.35	8.40%	402.994	0	203.3233276
SH688373	盟科药业	9.15	0.27	3.04%	3.27%	5050.9316	1.01	4.46%	亏损	0	59.95172269
SH688082	盛美上海	109.21	3.19	3.01%	36.68%	34192.4169	0.97	4.23%	59.55	0.341	473.4877089
SH688150	莱特光电	21.5	0.62	2.97%	11.11%	6585.1381	1.82	2.10%	89.42	0.465	86.52408078
SH688319	欧林生物	20.27	0.58	2.95%	46.14%	6921.2999	2.44	1.19%	220.613	0	82.1472155
SH688261	东微半导	189.92	5.4	2.93%	-19.86%	11701.0663	1.15	1.60%	41.581	0.777	127.9611962
SH688282	理工导航	63.3	1.79	2.91%	38.66%	7509.3013	0.69	3.38%	105.991	0.869	55.704
SH688248	南网科技	41.14	1.15	2.88%	-27.95%	38581.7087	2.02	11.32%	100.328	0.304	232.31758
SH688099	晶晨股份	80.42	2.22	2.84%	14.05%	39724.2148	1.07	1.18%	68.617	0	333.9549895
SH688325	赛微微电	41.59	1.13	2.79%	2.09%	2130.7307	2.62	1.68%	90.532	0	34.59681909
SH688329	艾隆科技	33.36	0.9	2.77%	-12.46%	3432.5927	1.99	2.28%	24.448	1.499	25.75392
SH688660	电气风电	6.03	0.16	2.73%	0.33%	6555.6641	1.91	2.11%	亏损	0	80.40000402
SH688212	澳华内镜	65.95	1.73	2.69%	0.70%	9949.359	1.23	1.74%	252.29	0	87.93773
SH688276	百克生物	69.82	1.83	2.69%	1.03%	11308.2273	1.81	0.70%	157.855	0.215	288.2453753
SH688556	高测股份	46.44	1.19	2.63%	-12.86%	33418.2978	1.25	3.03%	14.441	0.538	148.1923323
SH688200	华峰测控	245.07	6.07	2.54%	-11.36%	23802.7135	1.13	1.07%	46.617	0.571	223.1940495
SH688143	长盈通	38.01	0.92	2.48%	-18.47%	3454.2155	1.21	4.72%	56.635	1.315	35.78039954
SH688268	华特气体	78.8	1.9	2.47%	6.13%	29063.18	1.65	3.03%	45.78	0.508	94.80497344
SH688252	天德钰	21.7	0.52	2.46%	29.40%	8739.1753	1.55	11.24%	106.444	0	88.757631
SH688690	纳微科技	43.99	1.02	2.37%	-15.03%	11656.3665	1.07	1.43%	78.281	0.234	177.3552849
SH688226	威腾电气	18.6	0.41	2.25%	-29.17%	10596.7317	1.84	6.84%	42.453	0.742	29.016
SH688389	普门科技	25.56	0.56	2.24%	43.35%	3876.9885	0.81	0.36%	39.924	0.927	108.7779249
SH688180	君实生物	52.96	1.07	2.06%	-15.40%	26961.2273	1.74	1.19%	亏损	0	522.0213557
SH688362	甬矽电子	39.54	0.74	1.91%	81.46%	29998.4956	1.45	15.67%	944.719	0.266	161.188764
SH688589	力合微	41.55	0.77	1.89%	23.57%	8099.078	1.11	3.46%	50.202	0.602	41.63092693
SH688799	华纳药厂	39.08	0.7	1.82%	22.78%	2062.5376	0.7	1.21%	18.516	0	36.65704
SH688125	安达智能	45.88	0.81	1.80%	6.50%	987.4155	0.88	1.06%	23.133	1.09	37.0747471
SH688273	麦澜德	42.72	0.75	1.79%	31.04%	4163.5748	0.9	4.17%	32.263	3.024	42.984864
SH688381	帝奥微	35.43	0.62	1.78%	-10.80%	5531.4242	1	2.62%	74.91	0.734	89.35446
SH688232	新点软件	45.14	0.77	1.74%	-20.89%	14058.1808	1.73	3.18%	28.482	1.329	148.962
SH688737	中自科技	40.48	0.69	1.73%	7.03%	7479.028	2.35	4.01%	亏损	0	34.82695828
SH688419	耐科装备	40.02	0.66	1.68%	26.53%	10962.2803	1.29	14.17%	52.265	0.75	32.8164
SH688596	正帆科技	39.55	0.65	1.67%	16.49%	9630.6986	0.65	1.10%	42.046	0	108.7177512
SH688580	伟思医疗	69.93	1.15	1.67%	31.45%	6224.5001	1.37	3.58%	44.892	0.984	47.98867019
SH688012	中微公司	162.82	2.66	1.66%	66.13%	183426.6211	1.01	1.83%	75.796	0	1006.550835
SH688400	凌云光	30.83	0.5	1.65%	20.76%	22710.1829	1.09	8.41%	67.292	0.405	142.89705
SH688372	伟测科技	129.49	2.06	1.62%	35.96%	23555.7245	0.98	9.70%	50.046	0.656	112.9291354
SH688686	奥普特	142.39	2.25	1.61%	8.45%	8094.8427	1.26	1.65%	53.108	0.597	173.8069182
SH688335	复洁环保	25.54	0.4	1.59%	22.73%	3067.1602	2.15	1.73%	20.328	1.484	26.01517451
SH688343	云天励飞	64.38	1.01	1.59%	46.58%	46233.9118	0.83	9.65%	亏损	0	228.6350889
SH688626	翔宇医疗	44.46	0.69	1.58%	39.46%	5164.5492	0.99	2.21%	46.251	0.54	71.136
SH688328	深科达	20.08	0.31	1.57%	-2.81%	2603.4713	1.68	2.71%	亏损	0	16.27283943
SH688371	菲沃泰	17.57	0.27	1.56%	-12.89%	1847.4795	1	1.35%	396.58	0	58.94249295
SH688062	迈威生物	23.94	0.36	1.53%	65.67%	7758.1466	1.25	1.60%	亏损	0	95.66424
SH688100	威胜信息	27.56	0.41	1.51%	20.76%	7045.0849	1.2	0.51%	32.329	1.197	137.8
SH688307	中润光学	29.85	0.44	1.50%	25.86%	2241.2901	0.91	4.15%	64.821	0.67	26.268
SH688283	坤恒顺维	55.3	0.81	1.49%	-4.67%	3876.3462	1.4	1.38%	54.9	0.181	46.452
SH688391	钜泉科技	95.89	1.39	1.47%	-4.67%	4193.9281	0.78	3.45%	28.049	1.616	55.23264
SH688209	英集芯	16.62	0.24	1.47%	-10.69%	6361.8585	1.15	1.84%	85.404	1.504	69.804
SH688257	新锐股份	35.91	0.52	1.47%	-8.11%	1659.477	1.19	0.78%	22.49	1.392	33.32448
SH688535	华海诚科	52	0.75	1.46%	48.57%	8458.6952	1.15	10.00%	104	0.385	41.96215556
SH688330	宏力达	48.05	0.67	1.41%	-24.54%	6631.31	1.85	2.42%	18.474	1.998	48.05
SH688633	星球石墨	40.92	0.57	1.41%	-8.46%	1403.4642	1.5	1.61%	24.151	1.417	30.25761227
SH688221	前沿生物	11.62	0.16	1.40%	-32.68%	4295.1653	1.23	1.81%	亏损	0	43.52603948
SH688613	奥精医疗	24.63	0.34	1.40%	5.17%	4888.6182	0.67	1.91%	32.65	0.434	32.84000016
SH688108	赛诺医疗	11.05	0.15	1.38%	93.52%	26226.9786	0.7	5.84%	亏损	0	45.305
SH688656	浩欧博	35.48	0.48	1.37%	5.85%	616.3517	1.29	0.96%	66.487	0.846	22.37309477
SH688186	广大特材	34.96	0.47	1.36%	43.75%	15445.4367	1.62	2.03%	48.455	0.143	74.898304
SH688189	南新制药	14.32	0.19	1.34%	-17.03%	3146.4472	1.04	1.12%	亏损	0	28.0672
SH688639	华恒生物	160.56	2.07	1.31%	3.42%	7573.7381	0.74	0.73%	50.302	0.561	174.04704
SH688508	芯朋微	71.4	0.9	1.28%	10.58%	8133.7554	0.79	1.60%	105.497	0.35	80.91002304
SH688432	有研硅	15.84	0.2	1.28%	19.64%	13999.9461	0.99	6.06%	53.667	0	197.6231756
SH688338	赛科希德	54.68	0.68	1.26%	65.75%	1459.0465	0.65	0.54%	39.703	0.475	44.6451264
SH688317	之江生物	25.35	0.31	1.24%	-24.10%	5001.6657	1.22	1.60%	10.055	4.734	49.35755273
SH688466	金科环境	18.75	0.23	1.24%	24.17%	940.8891	1.12	0.61%	24.498	0	19.2675
SH688385	复旦微电	54.3	0.64	1.19%	-22.22%	21189.1595	0.95	1.27%	42.962	0.249	443.4444795
SH688230	芯导科技	60.3	0.7	1.17%	11.60%	2473.9074	1.16	2.02%	48.029	0.995	50.652
SH688332	中科蓝讯	79.86	0.9	1.14%	55.92%	26732.6509	1.43	11.36%	63.823	1.252	95.832
SH688153	唯捷创芯	61.19	0.69	1.14%	66.59%	9491.1394	0.94	1.70%	亏损	0	250.4137076
SH688091	上海谊众	74.7	0.83	1.12%	18.09%	8025.8721	0.8	0.99%	70.741	0.365	118.2327696
SH688166	博瑞医药	21.72	0.24	1.12%	-3.77%	4349.8089	0.61	0.49%	36.757	0.525	91.75947684
SH688135	利扬芯片	28.82	0.32	1.12%	5.80%	4593.9767	1.4	1.79%	142.006	0	39.60499734
SH688130	晶华微	42.94	0.47	1.11%	0.96%	1382.7979	1.04	2.10%	2474.749	0.349	28.580864
SH688433	华曙高科	24.53	0.27	1.11%	-7.99%	4365.6857	1.09	5.16%	100.523		101.5956066
SH688172	燕东微	22.2	0.24	1.09%	16.97%	15464.4396	1.24	5.90%	66.48	0	266.2011126
SH688310	迈得医疗	37.33	0.4	1.08%	49.02%	2213.6584	1.3	0.71%	40.137	1.286	31.32032468
SH688689	银河微电	23.8	0.25	1.06%	5.08%	2225.1904	1.25	2.52%	39.25	0.924	30.6788645
SH688711	宏微科技	70	0.7	1.01%	-24.57%	7878.715	1.05	1.09%	99.125	0.091	96.5234676
SH688093	世华科技	17.99	0.18	1.01%	1.87%	973.9882	0.65	0.87%	23.2	2.223	43.36893196
SH688216	气派科技	24.66	0.24	0.98%	-3.37%	2763.7567	1.47	2.65%	亏损	0	26.206182
SH688136	科兴制药	19.59	0.19	0.98%	-8.63%	2083.896	1.01	1.59%	亏损	0	38.92545734
SH688045	必易微	56.34	0.54	0.97%	3.00%	3327.3338	1.15	3.90%	600.628	0	38.90217223
SH688253	英诺特	25.02	0.24	0.97%	5.04%	2358.304	0.7	3.17%	19.109	0.663	34.04241616
SH688096	京源环保	13.65	0.13	0.96%	13.09%	1514.6963	1.48	1.27%	28.404	1.099	14.74140513
SH688092	爱科科技	26.25	0.25	0.96%	13.05%	1494.1619	1.42	2.13%	33.75	0.914	15.56591689
SH688052	纳芯微	277.61	2.61	0.95%	-12.59%	14379.9679	1.23	0.99%	167.147	0.288	280.5637704
SH688235	百济神州	150.18	1.3	0.87%	13.39%	22426.7271	1.13	1.34%	亏损	0	2000.676127
SH688390	固德威	274.49	2.34	0.86%	-15.04%	88848.3953	0.92	3.98%	34.639	0.583	338.17168
SH688206	概伦电子	27.21	0.22	0.82%	-3.24%	5383.431	0.85	1.36%	297.38	0.257	118.0381895
SH688503	聚和材料	111.5	0.9	0.81%	-25.22%	6533.2783	0.96	2.48%	30.316	0.483	124.7804684
SH688625	呈和科技	41.37	0.33	0.80%	-15.43%	1117.9526	0.83	0.34%	27.538	0	55.16002758
SH688019	安集科技	235.84	1.84	0.79%	31.02%	37178.5609	1.23	2.12%	53.008	0.178	179.1775769
SH688658	悦康药业	23.31	0.18	0.78%	20.65%	15666.0958	1.66	3.29%	29.398	4.719	104.895
SH688401	路维光电	43.83	0.33	0.76%	0.55%	3186.6695	0.87	2.45%	44.222	0.502	58.44011688
SH688628	优利德	44.3	0.33	0.75%	54.09%	4179.541	0.55	2.10%	46.49	0.858	48.917832
SH688321	微芯生物	22.87	0.17	0.75%	4.05%	9730.315	1.24	1.33%	亏损	0	94.06128979
SH688607	康众医疗	20.4	0.15	0.74%	7.65%	2907.0387	1.08	2.12%	亏损	0	17.97832151
SH688312	燕麦科技	16.31	0.12	0.74%	5.16%	1506.5412	1.09	1.34%	32.316	1.226	23.62479622
SH688071	华依科技	47.62	0.35	0.74%	-15.73%	2443.9316	0.74	1.42%	77.595	0	40.36665636
SH688233	神工股份	33.63	0.23	0.69%	-17.36%	8944.494	1.01	1.67%	55.957	0.297	53.808
SH688536	思瑞浦	236.6	1.6	0.68%	-14.09%	12578.1259	1.05	0.82%	160.679	0.087	284.3824986
SH688513	苑东生物	56.54	0.38	0.68%	-7.07%	644.818	0.73	0.19%	26.763	0.99	67.898886
SH688439	振华风光	104.6	0.7	0.67%	-12.01%	7812.4734	0.91	1.68%	60.605	0.362	209.2
SH688223	晶科能源	12.11	0.08	0.67%	-17.34%	42574.3056	0.77	1.79%	28.881	0.735	1211
SH688280	精进电动	7.53	0.05	0.67%	-4.68%	2441.6154	1.58	0.70%	亏损	0	44.44369153
SH688239	航宇科技	65.36	0.43	0.66%	-15.87%	10806.9284	1.07	1.64%	52.476	0	95.54456043
SH688553	汇宇制药	16.1	0.1	0.63%	3.27%	1960.8223	0.59	0.42%	40.549	1.46	68.1996
SH688185	康希诺	95	0.57	0.60%	-34.94%	12709.4241	0.87	1.99%	亏损	0	235.0774041
SH688265	南模生物	41.86	0.24	0.58%	-14.57%	314.9282	0.9	0.15%	亏损	0	32.63552654
SH688286	敏芯股份	47.48	0.27	0.57%	-3.69%	2040.7239	0.79	1.20%	亏损	0	25.44578262
SH688380	中微半导	29.21	0.16	0.55%	7.63%	8195.6579	1.17	4.94%	156.005	1.541	116.9466165
SH688819	天能股份	36	0.19	0.53%	-2.01%	11353.1331	1.59	2.40%	16.763	1.667	349.956
SH688356	键凯科技	119.14	0.62	0.52%	-23.90%	3211.1339	0.51	0.74%	39.557	0.781	71.8271232
SH688567	孚能科技	21.7	0.11	0.51%	-19.72%	7595.0856	0.71	0.43%	亏损	0	264.2357703
SH688313	仕佳光子	11.96	0.06	0.50%	32.15%	24814.8036	1.56	6.42%	143.449	0.418	54.87275843
SH688255	凯尔达	37.17	0.17	0.46%	44.57%	2116.5664	0.92	1.15%	95.443	0.699	29.14671091
SH688305	科德数控	91.9	0.4	0.44%	3.84%	10918.0427	0.79	2.46%	107.293	0	85.63035868
SH688396	华润微	60.33	0.26	0.43%	14.59%	20942.1385	0.66	0.26%	33.49	0.328	796.4114197
SH688601	力芯微	70	0.3	0.43%	24.14%	6462.0159	1.31	1.98%	58.046	0.714	62.72
SH688249	晶合集成	19.09	0.08	0.42%	-3.88%	69200.5502	0.92	10.29%	27.21		382.9712015
SH688029	南微医学	90.5	0.37	0.41%	10.19%	23673.5154	1.07	1.40%	43.736	0.608	170.0019169
SH688718	唯赛勃	17.13	0.07	0.41%	-13.96%	1473.2201	0.93	1.58%	77.107	0	29.76412684
SH688778	厦钨新能	71.5	0.29	0.41%	-7.96%	21920.1264	1.22	3.27%	21.038	0.699	214.8937612
SH688199	久日新材	30.98	0.12	0.39%	-1.78%	1585.6	0.62	0.54%	亏损	0	34.45806264
SH688793	倍轻松	54.2	0.21	0.39%	10.54%	8001.6512	2.1	6.37%	亏损	0	33.40888
SH688565	力源科技	8.02	0.03	0.38%	-9.48%	1815.9771	1.84	2.32%	亏损	0	12.6601314
SH688558	国盛智科	31.8	0.12	0.38%	-9.32%	4131.1232	1.23	3.28%	23.359	1.572	41.976
SH688259	创耀科技	53.17	0.18	0.34%	-29.12%	4897.3078	0.73	1.62%	52.738	0.658	42.536
SH688106	金宏气体	24.97	0.08	0.32%	33.10%	7231.7888	0.65	1.09%	48.502	0.997	121.5745523
SH688003	天准科技	34.99	0.11	0.32%	10.73%	4406.2231	0.87	0.65%	44.748	0.857	68.1258799
SH688668	鼎通科技	53.63	0.17	0.32%	-18.74%	4023.7263	0.79	2.29%	31.282	1.305	53.00741148
SH688505	复旦张江	9.34	0.03	0.32%	11.86%	2541.9469	0.78	1.01%	68.248	0.739	96.81583414
SH688420	美腾科技	40.12	0.12	0.30%	-1.71%	1665.4909	0.9	2.04%	28.09	0.872	35.478116
SH688376	美埃科技	34.98	0.1	0.29%	11.83%	1999.6333	0.74	1.85%	36.24	0.286	47.01312
SH688586	江航装备	18.11	0.05	0.28%	11.10%	4219.055	0.84	0.92%	41.343	0.994	102.3653722
SH688160	步科股份	33.85	0.09	0.27%	18.00%	1756.8914	0.29	1.88%	31.612	1.182	28.434
SH688032	禾迈股份	529.47	1.44	0.27%	-43.50%	38586.4689	0.81	2.59%	47.699	1.001	296.5032
SH688311	盟升电子	64.76	0.16	0.25%	-20.27%	4317.479	0.62	1.00%	393.667	0	74.5050848
SH688055	龙腾光电	4.18	0.01	0.24%	3.98%	1207.0336	0.86	0.16%	亏损	0.239	139.3333361
SH688215	瑞晟智能	34.52	0.08	0.23%	12.26%	980.6691	1.1	1.78%	121.389	0.348	13.821808
SH688559	海目星	42.96	0.09	0.21%	-25.73%	8045.3433	0.7	1.43%	21.619	0.466	86.6617044
SH688278	特宝生物	43.39	0.09	0.21%	11.46%	4931.142	0.94	0.41%	56.26	0.491	176.51052
SH688510	航亚科技	18.68	0.04	0.21%	17.48%	4329.0682	1.07	1.40%	157.584	0	48.26587117
SH688363	华熙生物	96.98	0.18	0.19%	-28.31%	19316.6742	0.87	1.01%	48.06	0.628	466.9798921
SH688238	和元生物	16.76	0.03	0.18%	-12.07%	2178.3247	0.72	0.58%	亏损	0	82.6584764
SH688578	艾力斯	27.12	0.05	0.18%	37.80%	8031.351	0.98	1.42%	64.89	0	122.04
SH688163	赛伦生物	23.12	0.04	0.17%	9.63%	955.5069	1.64	0.96%	39.595	3.244	25.020464
SH688379	华光新材	17.44	0.03	0.17%	6.99%	1243.7877	0.83	1.52%	149.564	0	15.47756749
SH688395	正弦电气	22.39	0.03	0.13%	23.98%	2104.272	1.11	2.78%	39.702	0.715	19.2554
SH688585	上纬新材	8.17	0.01	0.12%	2.00%	731.2525	1.14	1.07%	39.833	0.269	32.94144
SH688296	和达科技	16.9	0.02	0.12%	-34.67%	1709.501	0.96	1.76%	36.317	0.888	18.14944404
SH688479	C友车	28.33	0.03	0.11%	-16.65%	14659.2438	0.54	15.78%	37.286	0	40.88511942
SH688196	卓越新能	48.34	0.04	0.08%	-14.03%	1214.3447	0.75	0.83%	13.719	3.206	58.008
SH688083	中望软件	192.5	0.16	0.08%	-1.07%	6633.9064	0.51	0.71%	1999.097	0.26	166.8492268
SH688220	翱捷科技	69.05	0.05	0.07%	13.77%	21004.5391	1.42	1.34%	亏损	0	288.8367639
SH688360	德马科技	26.89	0.02	0.07%	9.35%	1052.4962	1.12	0.93%	26.717	1.078	23.03843747
SH688728	格科微	16.09	0.01	0.06%	-8.27%	9657.5017	0.7	0.54%	589.974	0.199	402.0709461
SH688151	华强科技	20.15	0.01	0.05%	5.66%	713.6828	0.51	0.36%	485.749	0.377	69.41675
SH688234	天岳先进	80.07	0.04	0.05%	2.65%	9235.2775	0.62	0.82%	亏损	0	344.0696329
SH688289	圣湘生物	18.29	0.01	0.05%	-16.67%	3961.6542	0.73	0.62%	8.002	7.097	107.629298
SH688121	卓然股份	35.7	0.01	0.03%	46.07%	8130.4407	0.76	1.62%	45.163	0.686	72.35200012
SH688101	三达膜	13.57	0	0.00%	4.95%	1092.424	1.05	0.24%	21.696	0	45.307516
SH688211	中科微至	41.75	0	0.00%	0.34%	3296.139	0.92	1.23%	亏损	0	54.94663142
SH688555	ST泽达	4.14	0	0.00%	7.53%		2.51	None%	亏损	0	3.440754
SH688075	安旭生物	67.32	0	0.00%	-20.14%	1425.7668	0.54	0.97%	14.768	7.427	61.10867442
SH688448	磁谷科技	24.15	0	0.00%	2.72%	515.7704	0.47	1.27%	34.519	0	17.20955565
SH688086	*ST紫晶	2.42	0	0.00%	0.00%		2.81	None%	亏损	0	4.60723237
SH688138	清溢光电	21.43	0	0.00%	17.75%	4368.9198	0.86	0.77%	54.357	0.56	57.17524
SH688098	申联生物	7.59	0	0.00%	-4.41%	870.2883	0.77	0.28%	58.766	1.054	31.1678796
SH688303	大全能源	39.91	0	0.00%	-9.57%	22046.4887	0.85	1.09%	4.814	9.02	853.0348294
SH688655	迅捷兴	13.59	0	0.00%	18.69%	2977.3588	1.02	3.15%	36.627	0.552	18.127701
SH688506	百利天恒	95.1	-0.01	-0.01%	285.02%	16334.1836	0.92	5.08%	亏损	0	381.351
SH688060	云涌科技	53.86	-0.01	-0.02%	-7.93%	1091.8886	0.72	0.77%	217.545	0	32.40140472
SH688368	晶丰明源	140.37	-0.03	-0.02%	25.67%	12800.6842	1.25	1.45%	亏损	0	88.29803599
SH688061	灿瑞科技	64.42	-0.01	-0.02%	-30.99%	2989.561	1.05	2.53%	48.673	0.854	49.67231265
SH688068	热景生物	44.36	-0.01	-0.02%	-27.16%	4303.0072	0.93	1.05%	10.269	0	40.83363951
SH688355	明志科技	25	-0.01	-0.04%	-26.32%	1629.8178	0.56	1.67%	97.012	0.2	30.989018
SH688669	聚石化学	23.15	-0.01	-0.04%	7.98%	1351.0238	1.11	1.25%	50.706	0.432	21.60666682
SH688013	天臣医疗	21.46	-0.01	-0.05%	10.68%	1301.8626	0.89	1.54%	36.568	1.165	17.41599176
SH688115	思林杰	31.95	-0.02	-0.06%	-17.55%	603.489	0.97	0.65%	76.188	1.408	21.301065
SH688198	佰仁医疗	110.79	-0.07	-0.06%	-14.12%	1818.844	0.64	0.12%	161.227	0.451	150.3116603
SH688681	科汇股份	14.82	-0.01	-0.07%	16.14%	2239.4771	1.4	2.26%	1330.124	0.675	15.512094
SH688260	昀冢科技	15.3	-0.01	-0.07%	9.99%	2252.4445	1.09	2.16%	亏损	0	18.36
SH688089	嘉必优	30.08	-0.02	-0.07%	-33.63%	3431.7307	0.89	1.75%	65.091	0.997	36.096
SH688162	巨一科技	37.7	-0.03	-0.08%	-12.97%	1475.841	0.7	0.83%	38.59	0.875	51.7800075
SH688526	科前生物	24.23	-0.02	-0.08%	8.17%	3518.1484	0.65	1.16%	24.866	0.784	112.9621926
SH688370	丛麟科技	37.15	-0.03	-0.08%	5.15%	373.7072	0.55	0.41%	23.938	7.537	39.5276
SH688557	兰剑智能	33.64	-0.03	-0.09%	-0.62%	966.1366	0.75	0.65%	26.182	1.13	24.446188
SH688539	高华科技	35.84	-0.04	-0.11%	-6.23%	7845.5585	0.95	7.81%	56.34	0.837	47.59552
SH688701	卓锦股份	9.2	-0.01	-0.11%	12.06%	791.3506	0.6	1.31%	亏损	0	12.35351822
SH688739	成大生物	35.2	-0.04	-0.11%	15.71%	5181.8095	0.6	0.82%	21.241	2.841	146.5904
SH688133	泰坦科技	110.82	-0.13	-0.12%	-19.97%	7408.8925	0.71	1.11%	71.406	0.18	93.16820918
SH688006	杭可科技	47	-0.06	-0.13%	7.38%	12759.6363	0.76	0.62%	33.376	0.745	202.6613652
SH688484	南芯科技	39.62	-0.05	-0.13%	-0.93%	11467.3359	1.08	5.29%	112.55		167.802586
SH688410	山外山	50.43	-0.07	-0.14%	99.56%	14140.646	1.54	8.38%	57.877	0	72.98746961
SH688480	赛恩斯	26.19	-0.04	-0.15%	18.40%	1128.3054	0.71	2.24%	34.899	1.947	24.83510409
SH688155	先惠技术	50.84	-0.08	-0.16%	-2.77%	1279.8914	0.89	0.76%	亏损	0	38.98214754
SH688622	禾信仪器	34.54	-0.06	-0.17%	6.28%	1626.568	1.25	1.23%	亏损	0	24.17717311
SH688606	奥泰生物	97.26	-0.17	-0.17%	-6.84%	929.3064	0.66	0.40%	29.822	10.282	52.42717143
SH688707	振华新材	32.9	-0.06	-0.18%	-26.81%	6597.3703	0.68	0.72%	14.567	2.128	145.7255525
SH688297	中无人机	47.98	-0.1	-0.21%	6.79%	15122.6974	0.64	2.44%	107.929	0.734	323.865
SH688219	会通股份	9.17	-0.02	-0.22%	9.04%	503.3108	0.69	0.17%	91.589	0.218	42.11630905
SH688560	明冠新材	29.57	-0.07	-0.24%	-36.13%	6080.609	0.84	2.26%	65.466	0.609	59.52497715
SH688126	沪硅产业	20.15	-0.05	-0.25%	14.42%	44232.9388	0.63	0.81%	123.7	0	550.4292194
SH688156	路德环境	34.4	-0.09	-0.26%	14.86%	4198.0034	0.84	1.70%	123.335	0.872	31.77657344
SH688102	斯瑞新材	14.61	-0.04	-0.27%	-11.40%	870.6555	0.49	0.34%	85.437	0.548	58.441461
SH688111	金山办公	413.85	-1.15	-0.28%	56.47%	117714.0194	0.69	0.61%	168.332	0.176	1908.945161
SH688173	希荻微	21.2	-0.06	-0.28%	-6.73%	3790.3121	0.71	1.06%	298.037	0	86.28990568
SH688322	奥比中光	27.73	-0.08	-0.29%	28.68%	3993.743	1.15	4.39%	亏损	0	110.9202773
SH688331	荣昌生物	63.51	-0.19	-0.30%	-18.04%	10483.2954	1.1	1.02%	亏损	0	345.6614332
SH688063	派能科技	235.01	-0.74	-0.31%	-25.55%	72498.9595	0.82	3.67%	25.27	0.928	412.7394452
SH688528	秦川物联	9.64	-0.03	-0.31%	-5.40%	817.3198	1.56	1.61%	亏损	0	16.1952
SH688217	睿昂基因	41.77	-0.14	-0.33%	18.16%	1412.8921	0.94	0.92%	52.646	0	23.21453796
SH688057	金达莱	15.27	-0.05	-0.33%	10.17%	1092.0092	1.19	0.51%	16.362	6.549	42.1452
SH688175	高凌信息	32.72	-0.11	-0.34%	-6.81%	704.0327	0.68	0.68%	40.196	0.917	30.39896721
SH688383	新益昌	119.27	-0.41	-0.34%	25.71%	8606.5046	0.97	2.34%	63.4	0.252	121.8147447
SH688388	嘉元科技	38.47	-0.13	-0.34%	-14.23%	6110.3065	0.75	0.54%	30.555	1.43	117.1241209
SH688132	邦彦技术	23.8	-0.08	-0.34%	-2.46%	3470.0249	0.94	4.18%	49.423	0	36.22959855
SH688097	博众精工	28.53	-0.1	-0.35%	-0.24%	1225.5474	0.55	0.83%	33.966	0	126.7604419
SH688009	中国通号	5.73	-0.02	-0.35%	19.62%	20129.8927	0.61	0.41%	16.563	2.967	606.7966287
SH688065	凯赛生物	53.46	-0.19	-0.35%	-12.78%	3146.8849	0.69	0.22%	71.493	0.337	311.8205231
SH688522	纳睿雷达	49.85	-0.18	-0.36%	7.86%	5399.821	0.61	3.03%	71.911	1.003	77.1013998
SH688521	芯原股份	77	-0.28	-0.36%	74.72%	34985.527	0.95	2.18%	亏损	0	383.8730819
SH688298	东方生物	53.95	-0.2	-0.37%	-30.04%	6033.2948	0.87	0.67%	亏损	3.707	90.636
SH688171	纬德信息	21.72	-0.08	-0.37%	14.38%	1276.0493	0.72	1.75%	56.472	0.645	18.19558248
SH688425	铁建重工	5.44	-0.02	-0.37%	37.72%	14387.4351	0.66	1.83%	15.403	1.912	290.1422368
SH688538	和辉光电	2.63	-0.01	-0.38%	-1.87%	4247.2587	0.86	0.28%	亏损	0	365.2973528
SH688485	九州一轨	15.21	-0.06	-0.39%	-12.94%	435.2768	0.48	0.90%	40.51	0.842	22.85942263
SH688777	中控技术	98.39	-0.4	-0.40%	8.32%	19235.1836	0.58	0.53%	64.155	0.762	532.7641398
SH688251	井松智能	26.52	-0.11	-0.41%	-10.80%	416.2918	0.47	1.11%	35.147	0.377	15.76042865
SH688306	均普智能	4.77	-0.02	-0.42%	0.42%	1028.8332	0.7	0.47%	亏损	0	58.58908956
SH688531	日联科技	159.62	-0.68	-0.42%	4.75%	10077.0883	1.15	3.66%	158.266	0.188	126.7470064
SH688550	瑞联新材	42.47	-0.18	-0.42%	-8.88%	2259.3714	0.99	0.73%	23.114	2.826	41.78992619
SH688350	富淼科技	16.45	-0.07	-0.42%	0.06%	1602.8709	0.88	1.54%	17.652	1.508	20.093675
SH688187	时代电气	46.5	-0.2	-0.43%	-14.79%	6839.6168	0.52	0.70%	24.851	1.183	658.5501641
SH688333	铂力特	85.72	-0.38	-0.44%	-15.88%	5600.4594	0.89	0.41%	164.307	0.058	137.0507261
SH688116	天奈科技	52.77	-0.24	-0.45%	-31.59%	14285.1535	0.87	1.16%	33.712	0.18	122.7013692
SH688339	亿华通	81.6	-0.37	-0.45%	10.27%	5356.9217	0.98	0.81%	亏损	0	96.44290699
SH688722	同益中	17.34	-0.08	-0.46%	-3.99%	3278.8762	0.7	1.55%	20.011	2.595	38.95720578
SH688499	利元亨	91.3	-0.43	-0.47%	-41.99%	5506.2248	0.84	1.51%	56.297	0.438	80.62188251
SH688299	长阳科技	14.96	-0.07	-0.47%	-8.50%	2676.2579	0.89	0.71%	41.659	0.334	42.91035338
SH688679	通源环境	14.9	-0.07	-0.47%	37.84%	958.2176	0.42	1.07%	42.419	0.698	19.62176158
SH688202	美迪西	141.9	-0.68	-0.48%	-33.66%	14737.9909	0.77	1.57%	34.052	0.275	123.476703
SH688195	腾景科技	26.33	-0.13	-0.49%	15.70%	2927.8138	0.67	1.42%	62.413	0.532	34.057855
SH688408	中信博	72.02	-0.36	-0.50%	-26.81%	11760.9567	0.85	2.21%	106.086	0.139	97.7422887
SH688262	国芯科技	51.58	-0.26	-0.50%	23.37%	25667.0203	1.02	2.66%	248.84	0.485	123.792
SH688225	亚信安全	21.82	-0.11	-0.50%	29.04%	1999.7904	0.63	0.84%	106.558	0.115	87.282182
SH688148	芳源股份	11.45	-0.06	-0.52%	-21.52%	3607.7487	0.63	0.82%	720.986	0	58.57889307
SH688193	仁度生物	42.12	-0.23	-0.54%	-9.85%	368.5428	0.62	0.29%	12722.76	0.297	16.848
SH688561	奇安信	55.65	-0.3	-0.54%	-15.39%	17251.2398	0.82	0.67%	8750.503	0	381.2572457
SH688161	威高骨科	48.6	-0.27	-0.55%	-6.88%	3555.5185	1.16	0.96%	33.523	0.844	194.4
SH688269	凯立新材	60.98	-0.34	-0.55%	-28.93%	3366.1403	0.77	0.90%	38.545	1.148	79.7032992
SH688026	洁特生物	19.39	-0.11	-0.56%	-19.41%	1180.1292	0.72	0.43%	71.813	0.366	27.21642836
SH688015	交控科技	19.17	-0.11	-0.57%	-20.12%	1088.2386	0.53	0.30%	16.551	1.93	36.02876167
SH688295	中复神鹰	36.16	-0.21	-0.58%	-16.24%	3807.3035	0.62	0.84%	52.629	0.277	325.44
SH688178	万德斯	18.86	-0.11	-0.58%	8.14%	956.1973	2.05	0.59%	70.779	1.379	16.07823977
SH688779	长远锂科	11.75	-0.07	-0.59%	-19.47%	8394.8097	0.72	0.71%	19.105	1.974	226.681737
SH688683	莱尔科技	22.07	-0.13	-0.59%	10.29%	1024.9485	0.86	0.87%	75.294	0.453	34.23121643
SH688069	德林海	28.13	-0.17	-0.60%	9.03%	408.4651	0.5	0.29%	61.477	0.675	23.40517268
SH688511	天微电子	32.45	-0.2	-0.61%	14.18%	967.5218	0.6	0.73%	66.813	0	25.96
SH688300	联瑞新材	62.1	-0.38	-0.61%	27.57%	2994.8077	1.04	0.39%	44.422	0.733	77.41474803
SH688275	万润新能	147.97	-0.91	-0.61%	-15.52%	2473.1922	0.57	0.84%	18.222	2.379	126.0928989
SH688700	东威科技	95.5	-0.6	-0.62%	-33.29%	47741.7547	1	5.48%	62.65	0.461	140.576
SH688008	澜起科技	53.81	-0.34	-0.63%	-14.04%	90452.3304	1.2	1.47%	60.348	0.558	611.3236477
SH688456	有研粉材	29.99	-0.19	-0.63%	-11.79%	2437.0617	0.96	1.28%	61.353	0.667	31.087634
SH688357	建龙微纳	96.1	-0.66	-0.68%	-13.35%	4261.8905	0.66	0.75%	26.629	1.041	57.13130297
SH688107	安路科技	48.51	-0.34	-0.70%	-24.44%	7473.061	0.89	0.81%	亏损	0	194.08851
SH688608	恒玄科技	144.08	-1.02	-0.70%	26.39%	20089.2827	0.61	1.73%	174.363	0	172.896
SH688366	昊海生科	91.74	-0.65	-0.70%	-5.95%	5863.6124	1.06	0.55%	78.557	0.435	157.667918
SH688392	骄成超声	130.57	-0.93	-0.71%	-9.77%	15214.7695	0.63	6.36%	86.814	0.766	107.0674
SH688428	诺诚健华	13.92	-0.1	-0.71%	-1.35%	6308.0811	0.73	1.84%	亏损	0	245.5935461
SH688301	奕瑞科技	268.66	-1.94	-0.72%	-17.19%	7384.6097	0.61	0.47%	40.379	0.771	273.4100485
SH688168	安博通	34.72	-0.26	-0.74%	8.53%	3945.3227	0.79	1.49%	亏损	0	26.48882822
SH688518	联赢激光	26.14	-0.2	-0.76%	-10.51%	7522.3344	0.57	1.14%	25.928	0.459	88.16825297
SH688181	八亿时空	33.81	-0.26	-0.76%	-7.62%	2031.6269	0.72	0.73%	20.426	0.946	32.61752603
SH688358	祥生医疗	57.3	-0.45	-0.78%	66.57%	18964.2769	0.64	3.47%	48.124	1.222	64.2473597
SH688595	芯海科技	33.03	-0.26	-0.78%	-17.90%	4138.8262	0.81	1.58%	亏损	0	47.02846511
SH688345	博力威	38	-0.3	-0.78%	-27.58%	1432.0314	0.67	1.55%	47.866	1.053	38
SH688182	灿勤科技	18.9	-0.15	-0.79%	64.63%	6585.9925	0.95	3.61%	107.529	0.37	75.6
SH688336	三生国健	17.36	-0.14	-0.80%	36.69%	3671.8343	0.86	2.27%	129.845	0	107.0740137
SH688375	国博电子	77.97	-0.63	-0.80%	-18.60%	3937.0729	0.71	1.56%	58.17	0.641	311.887797
SH688678	福立旺	16.14	-0.13	-0.80%	-15.89%	2222.8268	0.67	1.53%	21.348	1.859	27.97869
SH688011	新光光电	24.05	-0.2	-0.82%	11.55%	1070.8044	0.79	0.80%	亏损	0	24.05
SH688367	工大高科	16.71	-0.14	-0.83%	5.63%	606.0432	0.63	0.63%	28.484	1.197	14.55468404
SH688399	硕世生物	62.8	-0.53	-0.84%	-28.40%	3200.6221	0.84	0.96%	3.127	0	36.81336
SH688386	泛亚微透	42.42	-0.38	-0.89%	-23.50%	1726.0536	0.6	0.85%	119.338	1.179	29.694
SH688020	方邦股份	48.7	-0.44	-0.90%	-7.71%	2145.0888	0.45	0.55%	亏损	0	39.0625135
SH688059	华锐精密	110.99	-1.01	-0.90%	-31.06%	4225.8065	0.82	1.50%	32.491	1.081	48.84458575
SH688788	科思科技	39.19	-0.36	-0.91%	8.59%	2349.8192	0.98	0.92%	亏损	0	41.44261181
SH688218	江苏北人	15.99	-0.15	-0.93%	7.46%	2363.2587	0.49	1.25%	50.408	0.563	18.83553243
SH688786	悦安新材	41.35	-0.39	-0.93%	-0.29%	1013.286	0.72	0.47%	40.058	1.451	35.3297708
SH688455	科捷智能	13.69	-0.13	-0.94%	0.59%	833.2796	0.96	1.50%	32.194	1.461	24.75825096
SH688129	东来技术	13.67	-0.13	-0.94%	4.27%	491.8691	0.96	0.87%	121.206	0	16.404
SH688244	永信至诚	91.1	-0.9	-0.98%	67.16%	4393.1115	1.26	4.81%	82.84	0.362	42.66331703
SH688080	映翰通	56.81	-0.57	-0.99%	38.29%	4207.1348	0.76	1.78%	38.432	0.246	29.86644634
SH688516	奥特维	171.11	-1.71	-0.99%	-14.87%	8802.5174	0.68	0.68%	32.023	0.933	264.9249263
SH688047	龙芯中科	132.01	-1.34	-1.00%	54.49%	16005.0222	0.67	3.68%	亏损	0	529.3601
SH688022	瀚川智能	45.6	-0.47	-1.02%	-5.79%	3015.9435	0.73	0.60%	195.946	0.281	56.97171386
SH688667	菱电电控	69.07	-0.71	-1.02%	-20.63%	1107.3496	0.52	0.80%	65.626	0.217	35.7866451
SH688058	宝兰德	54.02	-0.56	-1.03%	32.21%	3830.1524	0.74	1.27%	亏损	0	30.2512
SH688231	隆达股份	27.78	-0.29	-1.03%	-22.23%	1659.6805	0.99	1.12%	65.751	1.296	68.57691433
SH688320	禾川科技	32.68	-0.34	-1.03%	-30.17%	4488.804	0.85	1.61%	53.611	0.551	49.3512667
SH688016	心脉医疗	167.91	-1.77	-1.04%	-11.18%	8273.3944	0.88	0.68%	33.737	1.37	120.8585066
SH688309	恒誉环保	20.93	-0.22	-1.04%	5.92%	482.5775	0.4	0.51%	125.48	0.354	16.74624642
SH688315	诺禾致源	32.7	-0.35	-1.06%	23.91%	4331.2428	0.91	1.20%	72.355	0.144	130.8654
SH688279	峰G科技	82.1	-0.9	-1.08%	-4.65%	4547.9836	1.03	0.99%	52.759	0.585	75.83033498
SH688630	芯微装	68.69	-0.75	-1.08%	-17.68%	6916.2837	0.6	1.47%	55.164	0	82.97752
SH688028	沃尔德	28.35	-0.31	-1.08%	-9.34%	1289.6354	0.61	0.48%	47.129	1.058	31.06620216
SH688393	安必平	24.25	-0.27	-1.10%	10.23%	2059.853	0.45	1.40%	73.276	0.577	22.63495
SH688981	中芯国际	54.25	-0.62	-1.13%	31.87%	204074.7535	0.52	1.91%	39.512	0	4299.302019
SH688551	科威尔	65.95	-0.76	-1.14%	35.14%	3608.6315	0.82	1.77%	68.912	0.561	52.959967
SH688179	阿拉丁	32.58	-0.38	-1.15%	-9.88%	2560.6219	0.81	1.07%	58.601	0.767	46.0388788
SH688519	南亚新材	19.83	-0.23	-1.15%	-4.70%	2830.1836	1.19	1.55%	亏损	1.261	46.55124228
SH688048	长光华芯	86.24	-1.01	-1.16%	-10.86%	8275.2986	1.4	2.02%	125.596	0.406	116.9414021
SH688507	索辰科技	195.7	-2.3	-1.16%	-20.30%	12006.248	0.79	6.86%	164.879	0.077	80.8894638
SH688105	诺唯赞	33.82	-0.4	-1.17%	-36.36%	3531.9037	0.65	0.62%	120.506	3.696	135.283382
SH688636	智明达	72.87	-0.86	-1.17%	-30.94%	3113.3949	0.67	1.42%	56.382	0	36.79812578
SH688049	炬芯科技	33.51	-0.4	-1.18%	23.88%	8439.7589	0.86	2.78%	79.744	0.597	40.8822
SH688119	中钢洛耐	6.61	-0.08	-1.20%	4.92%	2032.7482	0.32	1.94%	33.33	1.815	74.3625
SH688337	普源精电	57.5	-0.7	-1.20%	-12.16%	5358.3251	1.27	2.14%	92.707	0.823	103.2344305
SH688767	博拓生物	32.29	-0.4	-1.22%	-30.11%	1168.2712	0.68	0.92%	11.754	6.813	34.44266677
SH688571	杭华股份	7.94	-0.1	-1.24%	13.59%	1438.9444	1.06	0.97%	30.334	2.015	25.408
SH688087	英科再生	32.34	-0.41	-1.25%	-6.94%	2048.4664	0.87	0.88%	22.511	0.618	43.53856358
SH688323	瑞华泰	20.46	-0.26	-1.25%	-13.96%	1131.8305	0.59	0.56%	193.949	0.342	36.82801964
SH688267	中触媒	23.17	-0.3	-1.28%	-37.45%	2104.9875	0.69	1.42%	33.886	1.122	40.82554
SH688152	麒麟信安	172.72	-2.27	-1.30%	1.06%	3727.6498	0.56	1.82%	68.873	0.284	91.27340729
SH688103	国力股份	55	-0.73	-1.31%	-14.52%	12288.607	1.29	3.68%	61.876	0.5	52.4645
SH688699	明微电子	53.71	-0.72	-1.32%	17.04%	7358.633	0.86	2.60%	亏损	1.862	59.11571814
SH688169	石头科技	314.58	-4.22	-1.32%	26.97%	8116.0813	0.51	0.33%	28.207	0.404	294.7350856
SH688007	光峰科技	20.97	-0.28	-1.32%	-15.65%	5200.8621	0.74	0.54%	83.181	0.258	95.85545072
SH688468	科美诊断	10.29	-0.14	-1.34%	8.66%	2536.0353	1.27	0.89%	27.814	3.372	41.2629
SH688184	帕瓦股份	31.53	-0.43	-1.35%	-9.21%	860.5675	0.93	0.95%	40.41	1.047	42.36945529
SH688733	壹石通	30.92	-0.43	-1.37%	-17.92%	3134.1257	0.68	0.74%	53.243	0.647	61.77048875
SH688353	华盛锂电	38.47	-0.54	-1.38%	-12.24%	2090.878	0.9	1.41%	51.716	1.794	61.35965
SH688290	景业智能	62.25	-0.89	-1.41%	4.27%	783.9517	0.89	0.28%	49.17	0.67	61.5528
SH689009	九号公司	34.58	-0.5	-1.43%	13.41%	6058.6189	0.5	0.34%	57.507	0	247.0546142
SH688183	生益电子	10.31	-0.15	-1.43%	10.74%	3448.7654	0.66	1.08%	36.621	1.552	85.76076314
SH688081	兴图新科	22.13	-0.32	-1.43%	33.64%	2239.3319	0.45	2.02%	亏损	0	16.28768
SH688270	臻镭科技	75.86	-1.11	-1.44%	-34.59%	6519.7227	0.82	1.38%	76.675	0.395	82.846706
SH688050	爱博医疗	221.45	-3.25	-1.45%	-4.01%	23370.5225	1.34	1.50%	92.279	0.23	232.9138287
SH688500	ST慧辰	14.98	-0.22	-1.45%	-36.79%	2982.164	0.53	4.63%	亏损	0	11.1263216
SH688697	纽威数控	24.77	-0.37	-1.47%	8.59%	8103.5171	0.75	4.19%	28.788	1.615	80.91534159
SH688377	迪威尔	25.97	-0.39	-1.48%	-40.95%	1070.3385	0.69	0.38%	41.61	0.616	50.5550199
SH688113	联测科技	46.5	-0.7	-1.48%	11.48%	294.5301	1.02	0.18%	42.427	0.413	29.6205
SH688090	瑞松科技	27.97	-0.42	-1.48%	14.63%	2179.1738	1.05	1.50%	亏损	0.465	18.84075646
SH688529	豪森股份	23.76	-0.36	-1.49%	7.17%	2539.5061	1.02	2.26%	33.398	0.467	30.4128
SH688203	海正生材	13.88	-0.21	-1.49%	-10.89%	1198.7937	0.96	1.77%	68.192	0.504	28.13171584
SH688021	奥福环保	25.49	-0.39	-1.51%	1.92%	2772.437	0.95	1.38%	亏损	0	19.69958556
SH688281	华秦科技	262.88	-4.08	-1.53%	-7.76%	3466.9849	1.01	0.58%	67.678	0.137	245.3546737
SH688146	中船特气	43.24	-0.68	-1.55%	19.61%	27933.0536	0.76	10.80%	60.805		228.9176472
SH688165	埃夫特	9.42	-0.15	-1.57%	22.34%	1318.4572	0.65	0.43%	亏损	0	49.151676
SH688005	容百科技	66.02	-1.07	-1.59%	-3.97%	20706.8978	0.9	1.12%	21.708	0.457	297.7572641
SH688598	金博股份	159.9	-2.58	-1.59%	-27.15%	5946.5924	0.5	0.47%	32.243	0.156	150.4244331
SH688621	阳光诺和	61.65	-1	-1.60%	-15.12%	3612.5782	0.88	0.84%	40.5	0.696	69.048
SH688114	华大智造	75.05	-1.23	-1.61%	-32.45%	4518.8149	1	1.78%	20.329	0.478	311.9360368
SH688291	金橙子	26.66	-0.44	-1.62%	1.91%	2228.7688	1.15	3.40%	67.499	0.75	27.37094222
SH688018	乐鑫科技	129.85	-2.15	-1.63%	44.04%	21624.0277	1.12	2.05%	104.247	0	104.8294723
SH688502	茂莱光学	188.52	-3.13	-1.63%	170.40%	15206.3175	0.65	6.70%	168.391	0.371	99.53856
SH688659	元琛科技	13.79	-0.23	-1.64%	-19.50%	25867.2929	1.36	21.07%	483.489	0	22.064
SH688023	安恒信息	180	-3.04	-1.66%	-9.09%	18720.9837	1.39	1.31%	亏损	0	141.887511
SH688046	药康生物	20.7	-0.35	-1.66%	-13.93%	4353.9931	1.89	1.42%	51.321	0.198	84.87
SH688588	凌志软件	14.85	-0.25	-1.66%	46.31%	5670.4455	0.65	1.30%	40.859	1.347	59.40148545
SH688188	柏楚电子	197.28	-3.38	-1.68%	-9.12%	10539.6587	0.73	0.36%	56.596	0.573	287.9790361
SH688308	欧科亿	50.71	-0.87	-1.69%	-32.83%	3694.8612	0.62	1.10%	23.329	1.38	57.10772877
SH688271	联影医疗	143.03	-2.52	-1.73%	-19.18%	11556.2751	1.03	1.61%	70.183	0.141	1178.79317
SH688227	品高股份	23.26	-0.41	-1.73%	18.49%	3076.9988	0.79	2.11%	58.616	0.537	26.29665697
SH688070	纵横股份	40.59	-0.72	-1.74%	-3.97%	771.0998	0.89	0.49%	亏损	0	35.548722
SH688568	中科星图	71.68	-1.27	-1.74%	15.54%	9292.1837	0.71	0.98%	70.652	0.279	175.8029099
SH688293	奥浦迈	56.1	-1.01	-1.77%	-23.34%	1969.7484	1.22	1.41%	61.738	0.765	64.38735006
SH688435	英方软件	104.1	-1.9	-1.79%	169.27%	3158.9663	0.71	1.71%	206.152	0	86.9235
SH688170	德龙激光	39.2	-0.72	-1.80%	-16.51%	2780.8068	0.73	1.06%	83.568	1.02	40.51712
SH688277	天智航	15.67	-0.29	-1.82%	31.79%	6741.0818	0.81	1.43%	亏损	0	70.41971684
SH688662	富信科技	32.74	-0.61	-1.83%	23.64%	8798.2088	0.64	4.99%	65.544	0.764	28.889776
SH688359	三孚新科	77.05	-1.45	-1.85%	14.17%	7336.3949	0.66	2.17%	亏损	0	71.50817875
SH688088	虹软科技	33.95	-0.65	-1.88%	50.82%	13943.911	0.49	1.00%	224.295	0.368	137.837
SH688776	国光电气	123.25	-2.4	-1.91%	-29.60%	5775.9816	0.94	1.95%	65.865	0	95.41611726
SH688272	*ST富吉	19.36	-0.38	-1.93%	-0.21%	734.8193	0.67	1.57%	亏损	0	14.7136
SH688035	德邦科技	55.02	-1.08	-1.93%	6.61%	4587.4292	0.52	2.69%	60.249	0.545	78.260448
SH688051	佳华科技	32.25	-0.64	-1.95%	4.13%	1830.7196	0.63	0.82%	亏损	0	24.940215
SH688201	信安世纪	41.5	-0.83	-1.96%	-26.91%	4301.6815	0.77	1.64%	43.033	0.88	57.19906737
SH688084	晶品特装	75.93	-1.52	-1.96%	-8.16%	1046.7956	0.82	0.78%	153.981	0.395	57.44792881
SH688157	松井股份	71.09	-1.42	-1.96%	-18.75%	6079.6797	2.25	2.41%	86.941	0.436	56.73819156
SH688222	成都先导	15.7	-0.32	-2.00%	16.47%	5176.9143	0.68	0.97%	273.974	0	62.90676
SH688619	罗普特	15.18	-0.31	-2.00%	46.81%	4458.4632	0.77	3.26%	亏损	0	28.48458311
SH688349	三一重能	35.77	-0.73	-2.00%	22.12%	12388.2126	1.02	2.43%	27.746	1.202	425.4785037
SH688398	赛特新材	45.94	-0.94	-2.01%	32.54%	2875.0193	1.17	1.26%	57.055	0.544	36.752
SH688326	经纬恒润	122.29	-2.51	-2.01%	-18.09%	6228.8251	0.68	1.05%	82.06	0	146.748
SH688287	观典防务	12.21	-0.25	-2.01%	2.86%	1564.4133	0.73	0.87%	42.068	0.491	37.6999623
SH688798	艾为电子	85.75	-1.81	-2.07%	-10.24%	8919.4504	0.87	1.46%	亏损	0	142.345
SH688256	寒武纪	184.51	-3.94	-2.09%	238.18%	192975.2045	0.88	4.24%	亏损	0	765.0166388
SH688207	格灵深瞳	35.78	-0.77	-2.11%	55.57%	8482.0166	0.65	1.88%	142.525	0	66.18613704
SH688682	霍莱沃	79.5	-1.71	-2.11%	0.05%	2087.7927	0.56	0.85%	79.738	0.453	41.29847715
SH688685	迈信林	18.8	-0.41	-2.13%	-18.76%	1587.2573	1.15	1.48%	54.746	1.596	21.0309334
SH688772	珠海冠宇	16.55	-0.36	-2.13%	-11.21%	10729.266	0.96	0.85%	亏损	0.544	185.6671261
SH688533	上声电子	41.57	-0.91	-2.14%	-27.58%	4158.8219	0.54	2.49%	63.607	0.433	66.512
SH688077	大地熊	37.24	-0.82	-2.15%	-24.99%	1740.2854	0.61	1.03%	53.804	1.611	30.0817272
SH688056	莱伯泰科	40.35	-0.9	-2.18%	-0.32%	951.077	0.4	0.89%	59.526	0.496	27.1298874
SH688190	云路股份	74.64	-1.66	-2.18%	-15.07%	2932.3953	0.67	0.71%	34.206	0.764	89.568
SH688246	嘉和美康	40.07	-0.9	-2.20%	36.71%	5561.2284	1.02	1.38%	75.451	0	55.24751505
SH688509	正元地信	4.65	-0.11	-2.31%	15.10%	3177.7029	0.56	1.81%	127.779	0.151	35.805
SH688789	宏华数科	139	-3.3	-2.32%	-19.48%	1926.5259	0.49	0.34%	49.309	0.647	115.4535307
SH688131	皓元医药	103.53	-2.57	-2.42%	-4.47%	6011.9454	1.09	0.96%	62.569	0.366	111.0857219
SH688369	致远互联	76	-1.89	-2.43%	10.38%	6439.7718	0.53	1.09%	72.192	0.395	58.72343908
SH688030	山石网科	20.83	-0.52	-2.44%	7.04%	1578.3975	0.83	0.42%	亏损	0	37.54167404
SH688288	鸿泉物联	21.23	-0.54	-2.48%	25.03%	1439.3275	0.8	0.67%	亏损	0	21.30301422
SH688139	海尔生物	63.81	-1.63	-2.49%	0.81%	10326.9077	1.61	0.51%	32.472	0.705	202.8854954
SH688066	航天宏图	81.11	-2.09	-2.51%	-5.13%	16090.9526	0.61	1.06%	67.062	0.16	150.6020315
SH688117	圣诺生物	33.31	-0.87	-2.55%	49.91%	8552.3478	1.22	5.71%	41.492	0.751	26.648
SH688109	品茗科技	38.59	-1.01	-2.55%	36.36%	9826.2681	1.63	9.61%	亏损	0	20.9829266
SH688348	昱能科技	282.22	-7.43	-2.57%	-50.36%	42910.8859	0.87	7.81%	50.459	0.78	225.776
SH688141	杰华特	37.22	-0.98	-2.57%	-21.64%	9021.4867	1.24	4.87%	584.231	0	166.328736
SH688609	九联科技	8.35	-0.22	-2.57%	26.71%	10970.2932	0.54	4.02%	67.124	0.455	41.75
SH688210	统联精密	23.76	-0.64	-2.62%	7.66%	1668.4535	0.79	0.96%	32.588	1.094	26.6112
SH688002	睿创微纳	49.57	-1.34	-2.63%	33.29%	26150.0632	1.24	1.17%	58.244	0.222	221.72661
SH688327	云从科技	38.93	-1.05	-2.63%	154.28%	89532.1707	0.88	29.67%	亏损	0	288.3430498
SH688600	皖仪科技	27.58	-0.77	-2.72%	10.41%	2462.6536	0.89	1.29%	63.087	0.725	36.89449135
SH688237	超卓航科	43.08	-1.22	-2.75%	-22.96%	2309.9732	1.47	2.84%	70.435	0	38.60110595
SH688038	中科通达	13.41	-0.39	-2.83%	12.78%	2570.5051	1.03	2.37%	亏损	0	15.60567294
SH688569	铁科轨道	35.24	-1.03	-2.84%	100.34%	12942.4027	0.5	2.76%	22.56	0.993	74.23894508
SH688475	萤石网络	43.79	-1.29	-2.86%	68.88%	7600.8735	0.64	2.05%	69.18	0.685	246.31875
SH688208	道通科技	31.47	-0.94	-2.90%	-0.25%	34535.3059	1.04	2.39%	128.462	0	142.2042424
SH688010	福光股份	22.42	-0.68	-2.94%	14.97%	3365.4747	1	0.98%	393.494	0.259	34.43307162
SH688517	金冠电气	26.19	-0.8	-2.96%	127.94%	44017.2674	1.63	20.47%	41.65	0.764	35.64699529
SH688515	裕太微	141.8	-4.34	-2.97%	54.13%	15020.9025	1.52	5.76%	亏损	0	113.44
SH688387	信科移动	7.17	-0.22	-2.98%	42.83%	17522.2285	0.7	4.97%	亏损	0	245.124375
SH688229	博睿数据	52.38	-1.61	-2.98%	53.83%	1423.831	0.61	1.28%	亏损	0	23.25672
SH688680	海优新材	114.77	-3.54	-2.99%	-38.06%	16424.2258	0.82	2.70%	亏损	0.105	96.42999157
SH688665	四方光电	78.36	-2.42	-3.00%	-20.85%	2538.7475	1.1	1.49%	38.841	1.149	54.852
SH688076	诺泰生物	29.15	-0.91	-3.03%	27.07%	4946.9561	0.96	1.18%	46.366	0.686	62.1430777
SH688041	海光信息	74.17	-2.33	-3.05%	84.87%	106524.8198	0.73	6.68%	191.663	0.054	1723.961562
SH688498	源杰科技	207.9	-6.6	-3.08%	73.93%	22864.4731	1.12	8.63%	142.162	0.313	125.985321
SH688800	瑞可达	73.95	-2.35	-3.08%	-30.68%	12160.3981	1.2	2.42%	35.17	0.703	83.67963995
SH688033	天宜上佳	17.39	-0.56	-3.12%	-20.12%	9158.3913	0.89	0.93%	51.33	0.23	97.62198145
SH688696	极米科技	160.65	-5.51	-3.32%	-3.34%	9934.8571	0.69	1.35%	26.019	1.336	112.455
SH688078	龙软科技	41.9	-1.48	-3.41%	31.06%	3226.9478	1.02	1.07%	35.726	0.811	29.92079
SH688577	浙海德曼	40.56	-1.44	-3.43%	-6.09%	2472.423	1.75	3.16%	40.42	0.74	21.93862819
SH688137	近岸蛋白	55.9	-2	-3.45%	-26.45%	3098.8991	1.36	3.24%	63.62	0.894	39.2280704
SH688459	哈铁科技	10	-0.36	-3.47%	10.38%	8486.3312	0.73	9.65%	35.137	0.8	48
SH688285	高铁电气	8.77	-0.32	-3.52%	14.04%	3348.4279	0.6	4.24%	24.612	0.867	33.00062537
SH688027	国盾量子	153.35	-5.66	-3.56%	50.56%	15370.423	0.59	2.11%	亏损	0	123.0187808
SH688314	康拓医疗	34.07	-1.33	-3.76%	0.45%	1658.2599	1.06	1.72%	35.906	1.089	27.6781859
SH688004	博汇科技	32.42	-1.28	-3.80%	56.47%	5741.0509	0.78	4.38%	亏损	0	18.41456
SH688205	德科立	59.64	-2.36	-3.81%	19.57%	9750.8938	0.79	6.94%	63.843	0.537	58.017792
SH688031	星环科技	117.06	-4.95	-4.06%	28.64%	18438.4106	0.56	5.42%	亏损	0	141.4577248
SH688590	新致软件	14.29	-0.61	-4.09%	49.16%	14899.3425	0.64	6.31%	亏损	0	34.11362588
SH688489	DR三未信	70.47	-3.02	-4.11%	3.33%	5174.1993	1.14	3.03%	71.254	0.609	80.25782917
SH688228	开普云	44.58	-1.93	-4.15%	41.08%	6921.8009	0.69	2.28%	30.872	0.994	29.92808755
SH688067	爱威科技	22.32	-0.98	-4.21%	19.17%	6226.3833	1.5	6.88%	106.29	0.448	15.1776
SH688039	当虹科技	52.78	-2.39	-4.33%	40.15%	25198.1824	1.06	5.95%	亏损	0	42.3910487
SH688316	青云科技	47.55	-2.23	-4.48%	68.38%	8407.1173	0.58	4.94%	亏损	0	22.56826421
SH688579	山大地纬	14.17	-0.67	-4.51%	44.74%	12925.223	0.64	3.18%	67.14	0.353	56.681417
SH688036	传音控股	110.7	-5.3	-4.57%	39.21%	62419.6846	0.58	0.69%	40.228	1.626	889.9730375
SH688318	财富趋势	149.19	-7.32	-4.68%	67.35%	24323.7064	0.64	3.56%	84.444	0.335	139.2509622
SH688365	光云科技	16.34	-0.83	-4.83%	106.84%	14557.418	0.59	2.39%	亏损	0	69.57975337
SH688158	优刻得	17.66	-0.97	-5.21%	41.17%	26982.3888	1.13	4.24%	亏损	0	80.0165913
SH688118	普元信息	21.2	-1.27	-5.65%	19.84%	12097.7556	4.23	5.91%	亏损	0	20.2248
SH688095	福昕软件	144.41	-9.29	-6.04%	132.25%	28460.0854	0.61	4.84%	亏损	0.346	95.60274432
SH688258	卓易信息	80.4	-5.7	-6.62%	96.58%	16873.2584	0.9	2.35%	167.641	0.1	69.91309916
SH688128	中国电研	25.43	-1.86	-6.82%	48.89%	20961.6077	0.54	1.98%	27.313	1.573	102.86435
SH688418	震有科技	19.05	-1.75	-8.41%	63.80%	25398.1641	0.96	9.77%	亏损	0	36.882705
SH688512	N慧智微	19.05	-1.87	-8.94%	-8.94%	46588.0733		50.56%	亏损		86.20245929
SH688292	浩瀚深度	28.99	-7.25	-20.01%	88.86%	34569.8023	2.07	30.69%	93.573	0.345	45.55681876
